t,x,y,z,dx,dy,dz
5, 0.996628, 0.031654, -0.0783386, 0.0592341, 0.0194113, -0.414247
4.99, 0.996031, 0.0314212, -0.0741125, 0.0602277, 0.0273152, -0.431216
4.98, 0.995423, 0.0311042, -0.069709, 0.0612284, 0.0362833, -0.449757
4.97, 0.994806, 0.0306911, -0.065111, 0.0622423, 0.04659, -0.470207
4.96, 0.994178, 0.0301667, -0.0602971, 0.0632782, 0.0586193, -0.493014
4.95, 0.99354, 0.0295111, -0.0552408, 0.0643502, 0.0729264, -0.518789
4.94, 0.992891, 0.0286978, -0.0499085, 0.0654801, 0.0903486, -0.548396
4.93, 0.99223, 0.0276895, -0.044256, 0.0667038, 0.112214, -0.583101
4.92, 0.991557, 0.0264314, -0.0382231, 0.0680829, 0.140772, -0.624861
4.91, 0.990868, 0.0248382, -0.0317248, 0.0697302, 0.180195, -0.676885
4.9, 0.99016, 0.0227633, -0.0246328, 0.0718711, 0.239242, -0.744882
4.89, 0.989427, 0.019918, -0.0167379, 0.0750123, 0.340248, -0.840038
4.88, 0.988653, 0.0155788, -0.00766806, 0.0804229, 0.563138, -0.984562
4.87, 0.987815, 0.00667638, 0.00288336, 0.0823628, 1.48826, -1.00732
4.86, 0.987795, -0.0102335, -0.00025212, -0.0591855, 1.02527, 1.10188
4.85, 0.988439, -0.0170423, -0.0105049, -0.0661134, 0.472745, 0.938263
4.84, 0.9891, -0.0208016, -0.0192, -0.0658958, 0.302661, 0.810128
4.83, 0.989756, -0.0233654, -0.0268461, -0.0652512, 0.21803, 0.724116
4.82, 0.990405, -0.0252687, -0.0337587, -0.0645653, 0.166259, 0.661319
4.81, 0.991047, -0.0267439, -0.0401188, -0.0638712, 0.130759, 0.612541
4.8, 0.991682, -0.0279147, -0.04604, -0.0631657, 0.104587, 0.57296
4.79, 0.99231, -0.0288551, -0.0515993, -0.0624435, 0.084298, 0.5398
4.78, 0.992931, -0.0296138, -0.0568516, -0.0617016, 0.0679813, 0.511337
4.77, 0.993544, -0.0302241, -0.0618378, -0.0609385, 0.0544853, 0.486434
4.76, 0.99415, -0.0307104, -0.0665895, -0.0601541, 0.043073, 0.464312
4.75, 0.994747, -0.0310909, -0.0711315, -0.0593489, 0.0332491, 0.444409
4.74, 0.995337, -0.0313795, -0.0754837, -0.0585239, 0.0246678, 0.426314
4.73, 0.995918, -0.0315875, -0.0796627, -0.0576801, 0.0170798, 0.409715
4.72, 0.99649, -0.0317238, -0.0836822, -0.0568186, 0.0103007, 0.394369
4.71, 0.997054, -0.0317958, -0.0875537, -0.0559407, 0.00419089, 0.380088
4.7, 0.997609, -0.0318095, -0.091287, -0.0550474, -0.0013575, 0.366719
4.69, 0.998155, -0.0317702, -0.0948907, -0.0541399, -0.00642902, 0.354139
4.68, 0.998692, -0.0316823, -0.0983721, -0.0532193, -0.0110911, 0.342247
4.67, 0.999219, -0.0315496, -0.101738, -0.0522864, -0.015398, 0.330958
4.66, 0.999737, -0.0313754, -0.104993, -0.0513422, -0.0193943, 0.320202
4.65, 1.00025, -0.0311626, -0.108143, -0.0503875, -0.0231166, 0.30992
4.64, 1.00075, -0.0309138, -0.111193, -0.0494232, -0.0265954, 0.300061
4.63, 1.00123, -0.0306314, -0.114146, -0.0484498, -0.0298563, 0.29058
4.62, 1.00171, -0.0303174, -0.117006, -0.0474682, -0.032921, 0.281441
4.61, 1.00218, -0.0299736, -0.119776, -0.0464789, -0.0358081, 0.272609
4.6, 1.00264, -0.0296017, -0.122459, -0.0454825, -0.0385334, 0.264058
4.59, 1.00309, -0.0292034, -0.125058, -0.0444794, -0.0411106, 0.25576
4.58, 1.00353, -0.02878, -0.127575, -0.0434703, -0.0435516, 0.247695
4.57, 1.00396, -0.0283328, -0.130012, -0.0424555, -0.0458668, 0.239842
4.56, 1.00438, -0.027863, -0.132372, -0.0414355, -0.0480652, 0.232183
4.55, 1.00479, -0.0273718, -0.134656, -0.0404107, -0.050155, 0.224703
4.54, 1.00519, -0.0268603, -0.136867, -0.0393814, -0.0521431, 0.217387
4.53, 1.00558, -0.0263293, -0.139005, -0.0383479, -0.0540359, 0.210223
4.52, 1.00596, -0.0257799, -0.141072, -0.0373106, -0.0558389, 0.203199
4.51, 1.00633, -0.0252128, -0.143069, -0.0362697, -0.0575572, 0.196304
4.5, 1.00668, -0.024629, -0.144998, -0.0352255, -0.0591952, 0.18953
4.49, 1.00703, -0.0240292, -0.14686, -0.0341782, -0.0607569, 0.182867
4.48, 1.00737, -0.0234141, -0.148656, -0.0331282, -0.0622459, 0.176307
4.47, 1.00769, -0.0227845, -0.150387, -0.0320755, -0.0636656, 0.169844
4.46, 1.00801, -0.022141, -0.152053, -0.0310205, -0.0650189, 0.16347
4.45, 1.00831, -0.0214843, -0.153656, -0.0299631, -0.0663084, 0.157179
4.44, 1.00861, -0.020815, -0.155197, -0.0289038, -0.0675366, 0.150965
4.43, 1.00889, -0.0201338, -0.156676, -0.0278425, -0.0687058, 0.144824
4.42, 1.00916, -0.0194411, -0.158094, -0.0267795, -0.0698179, 0.138749
4.41, 1.00943, -0.0187376, -0.159451, -0.0257149, -0.0708748, 0.132738
4.4, 1.00968, -0.0180238, -0.160748, -0.0246487, -0.0718782, 0.126784
4.39, 1.00992, -0.0173002, -0.161987, -0.0235812, -0.0728295, 0.120885
4.38, 1.01015, -0.0165674, -0.163166, -0.0225124, -0.0737303, 0.115037
4.37, 1.01037, -0.0158258, -0.164288, -0.0214425, -0.0745819, 0.109235
4.36, 1.01058, -0.0150759, -0.165351, -0.0203715, -0.0753853, 0.103478
4.35, 1.01078, -0.0143182, -0.166357, -0.0192995, -0.0761417, 0.0977603
4.34, 1.01096, -0.0135532, -0.167307, -0.0182266, -0.0768521, 0.0920807
4.33, 1.01114, -0.0127813, -0.168199, -0.0171529, -0.0775173, 0.0864359
4.32, 1.01131, -0.012003, -0.169035, -0.0160784, -0.0781382, 0.0808232
4.31, 1.01146, -0.0112187, -0.169816, -0.0150033, -0.0787155, 0.07524
4.3, 1.01161, -0.0104288, -0.17054, -0.0139275, -0.07925, 0.0696839
4.29, 1.01174, -0.00963384, -0.171209, -0.0128511, -0.0797422, 0.0641526
4.28, 1.01186, -0.00883414, -0.171823, -0.0117743, -0.0801927, 0.0586439
4.27, 1.01198, -0.00803013, -0.172382, -0.010697, -0.0806021, 0.0531554
4.26, 1.01208, -0.00722223, -0.172887, -0.00961923, -0.0809706, 0.0476852
4.25, 1.01217, -0.00641085, -0.173336, -0.00854113, -0.0812988, 0.0422313
4.24, 1.01225, -0.00559639, -0.173731, -0.0074627, -0.081587, 0.0367915
4.23, 1.01232, -0.00477924, -0.174072, -0.00638399, -0.0818355, 0.0313641
4.22, 1.01238, -0.00395981, -0.174359, -0.00530503, -0.0820446, 0.0259472
4.21, 1.01242, -0.00313848, -0.174591, -0.00422587, -0.0822144, 0.0205388
4.2, 1.01246, -0.00231565, -0.174769, -0.00314653, -0.0823452, 0.0151373
4.19, 1.01249, -0.0014917, -0.174894, -0.00206706, -0.0824371, 0.00974069
4.18, 1.0125, -0.000667036, -0.174964, -0.00098749, -0.0824901, 0.00434731
4.17, 1.01251, 0.000157968, -0.174981, 9.21514e-05, -0.0825044, -0.00104464
4.16, 1.0125, 0.000982922, -0.174943, 0.00117183, -0.0824799, -0.00643691
4.15, 1.01248, 0.00180744, -0.174852, 0.0022515, -0.0824165, -0.0118313
4.14, 1.01246, 0.00263112, -0.174707, 0.00333114, -0.0823144, -0.0172295
4.13, 1.01242, 0.00345359, -0.174507, 0.00441072, -0.0821732, -0.0226334
4.12, 1.01237, 0.00427446, -0.174254, 0.00549019, -0.0819929, -0.0280447
4.11, 1.01231, 0.00509332, -0.173946, 0.00656951, -0.0817733, -0.0334653
4.1, 1.01224, 0.00590979, -0.173585, 0.00764867, -0.0815142, -0.038897
4.09, 1.01215, 0.00672347, -0.173168, 0.0087276, -0.0812152, -0.0443418
4.08, 1.01206, 0.00753396, -0.172698, 0.00980628, -0.0808761, -0.0498015
4.07, 1.01196, 0.00834086, -0.172172, 0.0108847, -0.0804964, -0.0552782
4.06, 1.01184, 0.00914375, -0.171592, 0.0119627, -0.0800758, -0.060774
4.05, 1.01172, 0.00994224, -0.170957, 0.0130403, -0.0796138, -0.0662908
4.04, 1.01158, 0.0107359, -0.170266, 0.0141175, -0.0791099, -0.0718311
4.03, 1.01144, 0.0115243, -0.16952, 0.0151942, -0.0785634, -0.0773969
4.02, 1.01128, 0.012307, -0.168718, 0.0162703, -0.0779738, -0.0829907
4.01, 1.01111, 0.0130836, -0.16786, 0.0173458, -0.0773402, -0.0886151
4, 1.01093, 0.0138537, -0.166946, 0.0184206, -0.0766621, -0.0942725
3.99, 1.01074, 0.0146167, -0.165975, 0.0194947, -0.0759384, -0.0999657
3.98, 1.01054, 0.0153723, -0.164946, 0.0205679, -0.0751682, -0.105698
3.97, 1.01033, 0.0161199, -0.163861, 0.0216402, -0.0743506, -0.111471
3.96, 1.01011, 0.0168591, -0.162717, 0.0227115, -0.0734843, -0.11729
3.95, 1.00988, 0.0175894, -0.161515, 0.0237817, -0.0725683, -0.123156
3.94, 1.00963, 0.0183103, -0.160253, 0.0248507, -0.071601, -0.129075
3.93, 1.00938, 0.0190213, -0.158933, 0.0259184, -0.0705812, -0.13505
3.92, 1.00912, 0.0197218, -0.157552, 0.0269846, -0.0695071, -0.141084
3.91, 1.00884, 0.0204112, -0.156111, 0.0280493, -0.068377, -0.147183
3.9, 1.00856, 0.0210891, -0.154608, 0.0291123, -0.0671891, -0.153351
3.89, 1.00826, 0.0217548, -0.153044, 0.0301735, -0.0659412, -0.159592
3.88, 1.00795, 0.0224077, -0.151416, 0.0312327, -0.0646309, -0.165913
3.87, 1.00763, 0.0230472, -0.149725, 0.0322896, -0.0632559, -0.17232
3.86, 1.00731, 0.0236726, -0.14797, 0.0333443, -0.0618132, -0.178818
3.85, 1.00697, 0.0242833, -0.146148, 0.0343964, -0.0602998, -0.185416
3.84, 1.00662, 0.0248784, -0.144261, 0.0354458, -0.0587123, -0.192119
3.83, 1.00626, 0.0254572, -0.142306, 0.0364921, -0.0570469, -0.198937
3.82, 1.00589, 0.026019, -0.140282, 0.0375353, -0.0552994, -0.205878
3.81, 1.00551, 0.0265629, -0.138188, 0.038575, -0.0534652, -0.212953
3.8, 1.00512, 0.027088, -0.136022, 0.0396109, -0.051539, -0.220172
3.79, 1.00472, 0.0275934, -0.133784, 0.0406427, -0.0495149, -0.227547
3.78, 1.0043, 0.028078, -0.131471, 0.0416701, -0.0473864, -0.235092
3.77, 1.00388, 0.0285407, -0.129081, 0.0426928, -0.0451461, -0.242821
3.76, 1.00345, 0.0289805, -0.126614, 0.0437104, -0.0427855, -0.250751
3.75, 1.00301, 0.029396, -0.124066, 0.0447224, -0.040295, -0.258901
3.74, 1.00256, 0.0297859, -0.121435, 0.0457285, -0.0376638, -0.26729
3.73, 1.00209, 0.0301488, -0.118719, 0.0467282, -0.0348792, -0.275942
3.72, 1.00162, 0.030483, -0.115915, 0.0477208, -0.0319267, -0.284884
3.71, 1.00114, 0.0307867, -0.11302, 0.048706, -0.0287895, -0.294146
3.7, 1.00065, 0.0310581, -0.110031, 0.0496832, -0.0254479, -0.303763
3.69, 1.00015, 0.0312949, -0.106944, 0.0506516, -0.0218788, -0.313774
3.68, 0.999634, 0.0314948, -0.103754, 0.0516107, -0.0180548, -0.324225
3.67, 0.999113, 0.031655, -0.100457, 0.0525596, -0.013943, -0.335171
3.66, 0.998583, 0.0317726, -0.0970486, 0.0534978, -0.0095042, -0.346675
3.65, 0.998043, 0.0318439, -0.0935218, 0.0544243, -0.0046903, -0.358811
3.64, 0.997494, 0.0318649, -0.08987, 0.0553383, 0.000557661, -0.371671
3.63, 0.996936, 0.031831, -0.0860856, 0.0562391, 0.00631313, -0.385362
3.62, 0.99637, 0.0317367, -0.0821596, 0.0571256, 0.0126688, -0.400018
3.61, 0.995794, 0.0315753, -0.0780815, 0.0579972, 0.0197433, -0.415803
3.6, 0.99521, 0.0313389, -0.0738391, 0.058853, 0.0276918, -0.432924
3.59, 0.994617, 0.0310178, -0.0694177, 0.0596926, 0.0367204, -0.451646
3.58, 0.994016, 0.0306, -0.0647997, 0.0605158, 0.0471107, -0.472314
3.57, 0.993407, 0.0300698, -0.0599634, 0.0613228, 0.0592571, -0.495388
3.56, 0.99279, 0.0294071, -0.0548818, 0.0621153, 0.0737327, -0.521498
3.55, 0.992164, 0.0285845, -0.0495204, 0.0628964, 0.0914044, -0.551536
3.54, 0.991532, 0.0275638, -0.0438337, 0.0636723, 0.113655, -0.586818
3.53, 0.990891, 0.0262885, -0.0377599, 0.0644544, 0.142843, -0.62938
3.52, 0.990242, 0.0246697, -0.0312109, 0.0652622, 0.183378, -0.682587
3.51, 0.989586, 0.0225532, -0.0240532, 0.0661243, 0.244648, -0.752467
3.5, 0.98892, 0.0196312, -0.0160677, 0.0670365, 0.351086, -0.850919
3.49, 0.988246, 0.0151096, -0.00686258, 0.0673195, 0.593658, -1.00095
3.48, 0.98763, 0.00539952, 0.00368112, 0.0400338, 1.66868, -0.90846
3.47, 0.988084, -0.0110349, -0.00103908, -0.0812401, 0.944637, 1.08996
3.46, 0.988871, -0.0174739, -0.011118, -0.0758959, 0.456749, 0.923254
3.45, 0.98961, -0.0211355, -0.0196934, -0.0722408, 0.29686, 0.800582
3.44, 0.99032, -0.0236597, -0.0272597, -0.0699187, 0.215386, 0.717424
3.43, 0.99101, -0.025544, -0.0341143, -0.0682239, 0.16493, 0.656279
3.42, 0.991685, -0.0270094, -0.0404296, -0.0668515, 0.13007, 0.608556
3.41, 0.992348, -0.0281751, -0.0463147, -0.0656569, 0.104239, 0.569699
3.4, 0.992999, -0.0291132, -0.0518442, -0.0645649, 0.0841403, 0.537063
3.39, 0.993639, -0.0298708, -0.0570712, -0.0635336, 0.0679323, 0.508994
3.38, 0.99427, -0.030481, -0.0620356, -0.062538, 0.0544976, 0.4844
3.37, 0.99489, -0.0309676, -0.0667682, -0.0615629, 0.0431179, 0.462524
3.36, 0.995501, -0.0313486, -0.0712933, -0.0605987, 0.0333087, 0.442822
3.35, 0.996102, -0.0316379, -0.0756306, -0.0596392, 0.0247308, 0.424895
3.34, 0.996694, -0.0318465, -0.0797961, -0.0586804, 0.0171389, 0.408436
3.33, 0.997276, -0.0319833, -0.0838034, -0.0577197, 0.0103511, 0.393212
3.32, 0.997848, -0.0320557, -0.0876638, -0.0567554, 0.0042297, 0.379035
3.31, 0.998411, -0.0320698, -0.0913871, -0.0557865, -0.00133212, 0.365757
3.3, 0.998964, -0.0320307, -0.0949816, -0.0548123, -0.00641813, 0.353258
3.29, 0.999507, -0.0319428, -0.0984545, -0.0538325, -0.0110952, 0.341437
3.28, 1.00004, -0.0318099, -0.101812, -0.052847, -0.0154174, 0.330213
3.27, 1.00056, -0.0316355, -0.105061, -0.0518557, -0.0194288, 0.319515
3.26, 1.00108, -0.0314223, -0.108204, -0.0508587, -0.023166, 0.309286
3.25, 1.00158, -0.031173, -0.111248, -0.0498563, -0.0266593, 0.299475
3.24, 1.00207, -0.0308898, -0.114195, -0.0488486, -0.0299343, 0.290038
3.23, 1.00256, -0.0305749, -0.11705, -0.0478358, -0.0330127, 0.28094
3.22, 1.00303, -0.0302302, -0.119815, -0.0468182, -0.0359129, 0.272146
3.21, 1.00349, -0.0298572, -0.122493, -0.0457961, -0.0386509, 0.26363
3.2, 1.00395, -0.0294576, -0.125088, -0.0447696, -0.0412402, 0.255365
3.19, 1.00439, -0.0290329, -0.127601, -0.0437391, -0.0436929, 0.247331
3.18, 1.00482, -0.0285842, -0.130035, -0.0427048, -0.0460193, 0.239507
3.17, 1.00524, -0.0281129, -0.132392, -0.0416669, -0.0482285, 0.231875
3.16, 1.00566, -0.02762, -0.134674, -0.0406256, -0.0503285, 0.224421
3.15, 1.00606, -0.0271066, -0.136881, -0.0395812, -0.0523265, 0.21713
3.14, 1.00645, -0.0265738, -0.139017, -0.0385339, -0.0542287, 0.20999
3.13, 1.00683, -0.0260224, -0.141081, -0.0374838, -0.0560407, 0.202988
3.12, 1.0072, -0.0254533, -0.143077, -0.0364313, -0.0577676, 0.196115
3.11, 1.00756, -0.0248673, -0.145004, -0.0353763, -0.0594139, 0.189362
3.1, 1.0079, -0.0242652, -0.146864, -0.0343191, -0.0609836, 0.182719
3.09, 1.00824, -0.0236479, -0.148659, -0.0332599, -0.0624803, 0.176178
3.08, 1.00857, -0.0230159, -0.150388, -0.0321988, -0.0639073, 0.169734
3.07, 1.00889, -0.0223699, -0.152054, -0.031136, -0.0652676, 0.163378
3.06, 1.00919, -0.0217107, -0.153656, -0.0300715, -0.0665639, 0.157104
3.05, 1.00949, -0.0210389, -0.155196, -0.0290055, -0.0677987, 0.150908
3.04, 1.00977, -0.0203549, -0.156675, -0.0279381, -0.0689742, 0.144783
3.03, 1.01005, -0.0196596, -0.158092, -0.0268694, -0.0700923, 0.138725
3.02, 1.01031, -0.0189533, -0.159449, -0.0257995, -0.0711551, 0.132729
3.01, 1.01056, -0.0182366, -0.160747, -0.0247286, -0.0721641, 0.126791
3, 1.0108, -0.0175102, -0.161985, -0.0236566, -0.073121, 0.120908
2.99, 1.01104, -0.0167744, -0.163165, -0.0225837, -0.0740271, 0.115074
2.98, 1.01126, -0.0160298, -0.164287, -0.0215099, -0.0748838, 0.109287
2.97, 1.01147, -0.0152769, -0.165351, -0.0204353, -0.0756922, 0.103544
2.96, 1.01166, -0.0145161, -0.166358, -0.01936, -0.0764534, 0.0978414
2.95, 1.01185, -0.013748, -0.167308, -0.0182841, -0.0771685, 0.092176
2.94, 1.01203, -0.0129729, -0.168202, -0.0172075, -0.0778383, 0.0865452
2.93, 1.0122, -0.0121913, -0.169039, -0.0161303, -0.0784636, 0.0809463
2.92, 1.01235, -0.0114038, -0.169821, -0.0150527, -0.0790453, 0.0753769
2.91, 1.0125, -0.0106106, -0.170547, -0.0139746, -0.079584, 0.0698345
2.9, 1.01263, -0.00981223, -0.171217, -0.012896, -0.0800803, 0.0643167
2.89, 1.01276, -0.00900912, -0.171833, -0.0118171, -0.0805349, 0.0588214
2.88, 1.01287, -0.00820167, -0.172394, -0.0107378, -0.0809481, 0.0533463
2.87, 1.01297, -0.00739029, -0.1729, -0.00965824, -0.0813206, 0.0478895
2.86, 1.01306, -0.00657539, -0.173352, -0.00857835, -0.0816525, 0.0424488
2.85, 1.01314, -0.00575737, -0.173749, -0.0074982, -0.0819445, 0.0370224
2.84, 1.01321, -0.00493664, -0.174092, -0.00641783, -0.0821966, 0.0316083
2.83, 1.01327, -0.00411357, -0.174381, -0.00533725, -0.0824093, 0.0262046
2.82, 1.01332, -0.00328858, -0.174616, -0.00425649, -0.0825826, 0.0208095
2.81, 1.01336, -0.00246205, -0.174797, -0.00317557, -0.0827169, 0.0154212
2.8, 1.01338, -0.00163437, -0.174925, -0.00209453, -0.0828122, 0.010038
2.79, 1.0134, -0.000805938, -0.174998, -0.00101337, -0.0828685, 0.00465801
2.78, 1.0134, 2.28674e-05, -0.175018, 6.7871e-05, -0.0828861, -0.000720491
2.77, 1.0134, 0.000851655, -0.174984, 0.00114918, -0.0828649, -0.00609924
2.76, 1.01338, 0.00168004, -0.174896, 0.00223053, -0.0828048, -0.01148
2.75, 1.01335, 0.00250762, -0.174754, 0.0033119, -0.0827058, -0.0168645
2.74, 1.01331, 0.00333402, -0.174559, 0.00439328, -0.0825678, -0.0222545
2.73, 1.01326, 0.00415885, -0.174309, 0.00547462, -0.0823907, -0.0276519
2.72, 1.0132, 0.00498171, -0.174006, 0.00655592, -0.0821742, -0.0330584
2.71, 1.01313, 0.0058022, -0.173648, 0.00763715, -0.0819181, -0.0384758
2.7, 1.01305, 0.00661994, -0.173236, 0.00871828, -0.0816222, -0.0439062
2.69, 1.01296, 0.00743451, -0.17277, 0.00979928, -0.0812861, -0.0493513
2.68, 1.01285, 0.00824552, -0.172249, 0.0108801, -0.0809095, -0.0548131
2.67, 1.01274, 0.00905256, -0.171673, 0.0119608, -0.0804919, -0.0602938
2.66, 1.01262, 0.00985522, -0.171043, 0.0130412, -0.0800329, -0.0657953
2.65, 1.01248, 0.0106531, -0.170357, 0.0141214, -0.0795319, -0.0713199
2.64, 1.01233, 0.0114457, -0.169616, 0.0152013, -0.0789884, -0.0768698
2.63, 1.01218, 0.0122327, -0.16882, 0.0162809, -0.0784017, -0.0824475
2.62, 1.01201, 0.0130136, -0.167967, 0.01736, -0.0777711, -0.0880552
2.61, 1.01183, 0.013788, -0.167059, 0.0184388, -0.0770959, -0.0936957
2.6, 1.01164, 0.0145554, -0.166093, 0.0195171, -0.0763752, -0.0993715
2.59, 1.01144, 0.0153153, -0.165071, 0.0205948, -0.075608, -0.105086
2.58, 1.01123, 0.0160674, -0.163992, 0.021672, -0.0747933, -0.110841
2.57, 1.011, 0.016811, -0.162854, 0.0227485, -0.07393, -0.116641
2.56, 1.01077, 0.0175458, -0.161659, 0.0238242, -0.0730169, -0.122488
2.55, 1.01053, 0.0182712, -0.160404, 0.0248992, -0.0720527, -0.128387
2.54, 1.01027, 0.0189867, -0.159091, 0.0259733, -0.0710359, -0.134341
2.53, 1.01001, 0.0196917, -0.157717, 0.0270465, -0.0699649, -0.140354
2.52, 1.00973, 0.0203858, -0.156283, 0.0281186, -0.068838, -0.146431
2.51, 1.00945, 0.0210683, -0.154788, 0.0291896, -0.0676533, -0.152575
2.5, 1.00915, 0.0217387, -0.153232, 0.0302593, -0.0664086, -0.158793
2.49, 1.00884, 0.0223963, -0.151612, 0.0313277, -0.0651017, -0.16509
2.48, 1.00852, 0.0230405, -0.14993, 0.0323945, -0.0637302, -0.171471
2.47, 1.00819, 0.0236707, -0.148183, 0.0334598, -0.0622911, -0.177942
2.46, 1.00785, 0.0242861, -0.14637, 0.0345233, -0.0607814, -0.184511
2.45, 1.0075, 0.024886, -0.144492, 0.035585, -0.0591979, -0.191185
2.44, 1.00714, 0.0254698, -0.142546, 0.0366446, -0.0575366, -0.197971
2.43, 1.00677, 0.0260365, -0.140532, 0.0377021, -0.0557936, -0.20488
2.42, 1.00639, 0.0265854, -0.138448, 0.0387571, -0.053964, -0.21192
2.41, 1.00599, 0.0271155, -0.136293, 0.0398096, -0.0520429, -0.219102
2.4, 1.00559, 0.0276259, -0.134066, 0.0408594, -0.0500243, -0.226438
2.39, 1.00518, 0.0281156, -0.131764, 0.0419063, -0.0479019, -0.233941
2.38, 1.00475, 0.0285836, -0.129386, 0.04295, -0.0456682, -0.241626
2.37, 1.00432, 0.0290286, -0.126931, 0.0439903, -0.0433149, -0.249508
2.36, 1.00387, 0.0294494, -0.124395, 0.0450271, -0.0408326, -0.257606
2.35, 1.00342, 0.0298448, -0.121778, 0.04606, -0.0382106, -0.26594
2.34, 1.00295, 0.0302131, -0.119076, 0.0470889, -0.0354365, -0.274532
2.33, 1.00248, 0.0305529, -0.116286, 0.0481136, -0.0324961, -0.283409
2.32, 1.00199, 0.0308624, -0.113407, 0.0491337, -0.0293727, -0.2926
2.31, 1.00149, 0.0311397, -0.110433, 0.0501492, -0.0260472, -0.302139
2.3, 1.00099, 0.0313826, -0.107362, 0.0511598, -0.0224969, -0.312064
2.29, 1.00047, 0.0315888, -0.10419, 0.0521653, -0.018695, -0.322421
2.28, 0.999944, 0.0317556, -0.100912, 0.0531657, -0.0146095, -0.333261
2.27, 0.999407, 0.0318799, -0.0975234, 0.0541609, -0.0102022, -0.344646
2.26, 0.998861, 0.0319584, -0.0940174, 0.055151, -0.00542643, -0.35665
2.25, 0.998304, 0.031987, -0.090388, 0.0561364, -0.000224921, -0.369358
2.24, 0.997738, 0.0319613, -0.0866276, 0.0571174, 0.00547334, -0.382877
2.23, 0.997162, 0.0318756, -0.0827274, 0.058095, 0.0117577, -0.397333
2.22, 0.996576, 0.0317238, -0.0786773, 0.0590705, 0.0187425, -0.412885
2.21, 0.99598, 0.031498, -0.0744654, 0.060046, 0.0265762, -0.429731
2.2, 0.995375, 0.0311888, -0.0700775, 0.0610246, 0.0354557, -0.448125
2.19, 0.99476, 0.0307845, -0.0654966, 0.0620113, 0.0456484, -0.468393
2.18, 0.994135, 0.0302702, -0.060702, 0.0630133, 0.0575273, -0.490971
2.17, 0.9935, 0.0296265, -0.0556676, 0.0640421, 0.0716302, -0.516454
2.16, 0.992854, 0.0288275, -0.0503604, 0.065116, 0.0887646, -0.545677
2.15, 0.992197, 0.027837, -0.0447375, 0.0662647, 0.110205, -0.579861
2.14, 0.991528, 0.0266021, -0.0387406, 0.0675394, 0.138096, -0.620881
2.13, 0.990846, 0.0250409, -0.0322872, 0.0690328, 0.176377, -0.671791
2.12, 0.990146, 0.0230139, -0.0252543, 0.070927, 0.233211, -0.737979
2.11, 0.989424, 0.0202509, -0.0174431, 0.0736183, 0.328958, -0.829888
2.1, 0.988668, 0.0160941, -0.00850213, 0.0780254, 0.533509, -0.968466
2.09, 0.987862, 0.00794449, 0.00197937, 0.0802656, 1.31402, -1.06298
2.08, 0.987771, -0.00924677, 0.000810196, -0.0599904, 1.1453, 1.09432
2.07, 0.988433, -0.0166293, -0.00956449, -0.0678162, 0.499889, 0.952142
2.06, 0.989108, -0.020569, -0.018373, -0.067137, 0.314796, 0.819307
2.05, 0.989775, -0.0232256, -0.0260963, -0.0662251, 0.225164, 0.730632
2.04, 0.990433, -0.0251874, -0.0330657, -0.0653754, 0.171077, 0.666285
2.03, 0.991083, -0.0267038, -0.0394701, -0.0645722, 0.134292, 0.616521
2.02, 0.991725, -0.0279056, -0.0454276, -0.0637891, 0.10732, 0.57627
2.01, 0.992359, -0.0288705, -0.0510174, -0.063009, 0.0864931, 0.542628
2, 0.992985, -0.0296491, -0.0562961, -0.0622222, 0.0697927, 0.513805
1.99, 0.993603, -0.0302761, -0.0613056, -0.0614234, 0.0560109, 0.488626
1.98, 0.994213, -0.0307765, -0.0660781, -0.0606097, 0.044378, 0.466285
1.97, 0.994815, -0.0311691, -0.0706388, -0.0597802, 0.0343791, 0.446206
1.96, 0.995409, -0.0314683, -0.0750083, -0.0589344, 0.0256557, 0.427966
1.95, 0.995994, -0.0316856, -0.0792032, -0.0580727, 0.0179502, 0.411246
1.94, 0.99657, -0.03183, -0.0832375, -0.0571957, 0.0110721, 0.395798
1.93, 0.997138, -0.0319093, -0.0871228, -0.0563039, 0.00487778, 0.38143
1.92, 0.997696, -0.0319295, -0.0908692, -0.0553984, -0.000743614, 0.367987
1.91, 0.998245, -0.031896, -0.0944852, -0.0544798, -0.00587891, 0.355342
1.9, 0.998786, -0.0318133, -0.0979783, -0.053549, -0.0105972, 0.343393
1.89, 0.999316, -0.0316853, -0.101355, -0.0526069, -0.0149542, 0.332055
1.88, 0.999838, -0.0315153, -0.104621, -0.0516541, -0.0189953, 0.321255
1.87, 1.00035, -0.0313063, -0.107782, -0.0506915, -0.022758, 0.310934
1.86, 1.00085, -0.0310609, -0.110841, -0.0497197, -0.0262735, 0.301039
1.85, 1.00134, -0.0307816, -0.113804, -0.0487394, -0.0295679, 0.291528
1.84, 1.00183, -0.0304703, -0.116673, -0.0477511, -0.0326634, 0.28236
1.83, 1.0023, -0.0301289, -0.119452, -0.0467555, -0.0355788, 0.273504
1.82, 1.00276, -0.0297592, -0.122144, -0.045753, -0.0383303, 0.264929
1.81, 1.00321, -0.0293628, -0.124752, -0.0447442, -0.0409318, 0.256611
1.8, 1.00366, -0.028941, -0.127277, -0.0437296, -0.0433955, 0.248527
1.79, 1.00409, -0.0284953, -0.129723, -0.0427094, -0.0457319, 0.240656
1.78, 1.00451, -0.0280268, -0.132091, -0.0416843, -0.0479503, 0.232982
1.77, 1.00492, -0.0275367, -0.134383, -0.0406544, -0.0500588, 0.225487
1.76, 1.00532, -0.027026, -0.136601, -0.0396201, -0.0520646, 0.218159
1.75, 1.00571, -0.0264957, -0.138747, -0.0385819, -0.053974, 0.210982
1.74, 1.0061, -0.0259468, -0.140821, -0.0375399, -0.0557928, 0.203947
1.73, 1.00647, -0.0253801, -0.142826, -0.0364944, -0.057526, 0.197043
1.72, 1.00683, -0.0247965, -0.144762, -0.0354457, -0.0591782, 0.190259
1.71, 1.00717, -0.0241968, -0.146632, -0.034394, -0.0607535, 0.183588
1.7, 1.00751, -0.0235817, -0.148435, -0.0333396, -0.0622554, 0.177021
1.69, 1.00784, -0.0229519, -0.150172, -0.0322826, -0.0636874, 0.17055
1.68, 1.00816, -0.0223082, -0.151846, -0.0312233, -0.0650525, 0.164169
1.67, 1.00847, -0.0216511, -0.153456, -0.0301618, -0.0663533, 0.157872
1.66, 1.00876, -0.0209813, -0.155004, -0.0290982, -0.0675923, 0.151653
1.65, 1.00905, -0.0202995, -0.156489, -0.0280328, -0.0687719, 0.145507
1.64, 1.00932, -0.0196061, -0.157914, -0.0269657, -0.0698939, 0.139428
1.63, 1.00959, -0.0189018, -0.159278, -0.025897, -0.0709604, 0.133412
1.62, 1.00984, -0.0181871, -0.160582, -0.0248269, -0.071973, 0.127455
1.61, 1.01008, -0.0174625, -0.161827, -0.0237553, -0.0729332, 0.121553
1.6, 1.01032, -0.0167286, -0.163014, -0.0226826, -0.0738426, 0.115701
1.59, 1.01054, -0.0159858, -0.164142, -0.0216087, -0.0747024, 0.109897
1.58, 1.01075, -0.0152347, -0.165212, -0.0205337, -0.0755138, 0.104137
1.57, 1.01095, -0.0144757, -0.166224, -0.0194578, -0.0762778, 0.0984178
1.56, 1.01114, -0.0137093, -0.16718, -0.018381, -0.0769956, 0.0927364
1.55, 1.01132, -0.0129359, -0.168079, -0.0173033, -0.077668, 0.0870901
1.54, 1.01148, -0.0121561, -0.168922, -0.016225, -0.0782959, 0.0814761
1.53, 1.01164, -0.0113701, -0.169709, -0.0151459, -0.0788799, 0.075892
1.52, 1.01179, -0.0105786, -0.17044, -0.0140663, -0.0794209, 0.0703351
1.51, 1.01192, -0.00978186, -0.171116, -0.0129861, -0.0799194, 0.0648033
1.5, 1.01205, -0.00898035, -0.171736, -0.0119054, -0.080376, 0.0592942
1.49, 1.01216, -0.00817448, -0.172302, -0.0108242, -0.0807912, 0.0538057
1.48, 1.01226, -0.00736467, -0.172812, -0.00974261, -0.0811655, 0.0483357
1.47, 1.01235, -0.00655131, -0.173268, -0.00866067, -0.0814992, 0.0428821
1.46, 1.01244, -0.00573482, -0.17367, -0.00757841, -0.0817928, 0.0374429
1.45, 1.01251, -0.00491559, -0.174017, -0.00649587, -0.0820465, 0.0320163
1.44, 1.01257, -0.00409402, -0.17431, -0.00541309, -0.0822607, 0.0266003
1.43, 1.01261, -0.0032705, -0.174549, -0.0043301, -0.0824354, 0.0211931
1.42, 1.01265, -0.00244544, -0.174734, -0.00324694, -0.082571, 0.0157929
1.41, 1.01268, -0.00161921, -0.174865, -0.00216366, -0.0826675, 0.0103979
1.4, 1.01269, -0.000792218, -0.174942, -0.00108026, -0.0827251, 0.00500629
1.39, 1.0127, 3.51586e-05, -0.174965, 3.19317e-06, -0.0827437, -0.000383691
1.38, 1.01269, 0.000862527, -0.174935, 0.00108668, -0.0827235, -0.00577379
1.37, 1.01268, 0.0016895, -0.17485, 0.00217018, -0.0826643, -0.0111658
1.36, 1.01265, 0.00251568, -0.174711, 0.00325364, -0.0825662, -0.0165614
1.35, 1.01261, 0.00334069, -0.174519, 0.00433703, -0.082429, -0.0219625
1.34, 1.01256, 0.00416413, -0.174272, 0.00542033, -0.0822526, -0.0273708
1.33, 1.01251, 0.00498561, -0.173971, 0.00650348, -0.0820367, -0.0327881
1.32, 1.01243, 0.00580474, -0.173616, 0.00758647, -0.0817813, -0.0382164
1.31, 1.01235, 0.0066211, -0.173207, 0.00866924, -0.0814859, -0.0436574
1.3, 1.01226, 0.00743432, -0.172743, 0.00975176, -0.0811503, -0.0491132
1.29, 1.01216, 0.00824398, -0.172224, 0.010834, -0.0807741, -0.0545857
1.28, 1.01204, 0.00904966, -0.171651, 0.0119159, -0.0803569, -0.060077
1.27, 1.01192, 0.00985097, -0.171023, 0.0129974, -0.0798982, -0.0655891
1.26, 1.01178, 0.0106475, -0.170339, 0.0140784, -0.0793975, -0.0711243
1.25, 1.01164, 0.0114388, -0.1696, 0.015159, -0.0788543, -0.0766848
1.24, 1.01148, 0.0122244, -0.168806, 0.0162391, -0.0782679, -0.0822729
1.23, 1.01131, 0.013004, -0.167955, 0.0173185, -0.0776375, -0.0878913
1.22, 1.01114, 0.013777, -0.167048, 0.0183973, -0.0769625, -0.0935423
1.21, 1.01095, 0.0145431, -0.166084, 0.0194753, -0.0762419, -0.0992288
1.2, 1.01075, 0.0153017, -0.165063, 0.0205525, -0.0754748, -0.104954
1.19, 1.01053, 0.0160524, -0.163985, 0.0216288, -0.0746603, -0.11072
1.18, 1.01031, 0.0167948, -0.162848, 0.0227041, -0.0737972, -0.11653
1.17, 1.01008, 0.0175282, -0.161654, 0.0237784, -0.0728843, -0.122389
1.16, 1.00984, 0.0182523, -0.1604, 0.0248515, -0.0719203, -0.128298
1.15, 1.00958, 0.0189664, -0.159088, 0.0259233, -0.0709037, -0.134263
1.14, 1.00932, 0.0196702, -0.157715, 0.0269938, -0.0698329, -0.140288
1.13, 1.00904, 0.0203629, -0.156282, 0.0280627, -0.0687063, -0.146376
1.12, 1.00876, 0.0210441, -0.154787, 0.02913, -0.0675219, -0.152532
1.11, 1.00846, 0.0217132, -0.153231, 0.0301955, -0.0662776, -0.158761
1.1, 1.00815, 0.0223694, -0.151612, 0.031259, -0.0649711, -0.16507
1.09, 1.00784, 0.0230124, -0.149929, 0.0323205, -0.0636, -0.171463
1.08, 1.00751, 0.0236412, -0.148182, 0.0333797, -0.0621615, -0.177946
1.07, 1.00717, 0.0242554, -0.14637, 0.0344364, -0.0606526, -0.184528
1.06, 1.00682, 0.024854, -0.144491, 0.0354905, -0.0590698, -0.191214
1.05, 1.00646, 0.0254365, -0.142545, 0.0365417, -0.0574094, -0.198014
1.04, 1.00609, 0.0260019, -0.140531, 0.0375898, -0.0556673, -0.204936
1.03, 1.00571, 0.0265495, -0.138446, 0.0386345, -0.0538389, -0.21199
1.02, 1.00532, 0.0270784, -0.13629, 0.0396756, -0.051919, -0.219187
1.01, 1.00491, 0.0275876, -0.134062, 0.0407128, -0.0499018, -0.226538
1, 1.0045, 0.0280761, -0.131759, 0.0417457, -0.0477809, -0.234057
0.99, 1.00408, 0.0285429, -0.12938, 0.0427741, -0.0455489, -0.241758
0.98, 1.00365, 0.0289867, -0.126923, 0.0437975, -0.0431976, -0.249657
0.97, 1.0032, 0.0294064, -0.124386, 0.0448157, -0.0407174, -0.257772
0.96, 1.00275, 0.0298006, -0.121767, 0.0458281, -0.0380977, -0.266125
0.95, 1.00229, 0.0301678, -0.119063, 0.0468343, -0.0353261, -0.274737
0.94, 1.00181, 0.0305065, -0.116271, 0.047834, -0.0323883, -0.283635
0.93, 1.00133, 0.030815, -0.113389, 0.0488265, -0.0292678, -0.292848
0.92, 1.00084, 0.0310912, -0.110413, 0.0498113, -0.0259453, -0.302411
0.91, 1.00033, 0.0313331, -0.10734, 0.0507878, -0.0223982, -0.312361
0.9, 0.99982, 0.0315384, -0.104164, 0.0517555, -0.0185995, -0.322746
0.89, 0.999298, 0.0317042, -0.100883, 0.0527137, -0.0145174, -0.333616
0.88, 0.998766, 0.0318276, -0.0974903, 0.0536616, -0.0101134, -0.345035
0.87, 0.998225, 0.0319052, -0.0939803, 0.0545987, -0.00534058, -0.357075
0.86, 0.997674, 0.031933, -0.0903464, 0.0555242, -0.000141712, -0.369823
0.85, 0.997114, 0.0319064, -0.0865811, 0.0564373, 0.0055546, -0.383387
0.84, 0.996545, 0.03182, -0.0826756, 0.0573375, 0.0118382, -0.397894
0.83, 0.995968, 0.0316673, -0.0786196, 0.058224, 0.0188238, -0.413504
0.82, 0.995381, 0.0314407, -0.0744011, 0.0590964, 0.026661, -0.430418
0.81, 0.994786, 0.0311306, -0.070006, 0.0599546, 0.035548, -0.44889
0.8, 0.994182, 0.0307253, -0.065417, 0.0607987, 0.0457543, -0.469253
0.79, 0.99357, 0.0302099, -0.0606132, 0.0616298, 0.0576565, -0.491946
0.78, 0.992949, 0.0295648, -0.0555684, 0.06245, 0.071798, -0.517571
0.77, 0.992321, 0.0287638, -0.0502492, 0.0632638, 0.0889959, -0.546974
0.76, 0.991684, 0.0277704, -0.0446122, 0.0640791, 0.110543, -0.581396
0.75, 0.991039, 0.0265313, -0.0385984, 0.0649102, 0.13862, -0.622742
0.74, 0.990386, 0.0249633, -0.0321242, 0.0657822, 0.177245, -0.674127
0.73, 0.989723, 0.0229245, -0.0250645, 0.0667364, 0.234789, -0.741056
0.72, 0.989051, 0.0201385, -0.0172167, 0.0678153, 0.332281, -0.834241
0.71, 0.988367, 0.0159253, -0.00822186, 0.0686899, 0.542924, -0.975069
0.7, 0.987706, 0.00753663, 0.0023019, 0.0556432, 1.36878, -1.04952
0.69, 0.987954, -0.00958836, 0.000528556, -0.0798734, 1.10711, 1.09238
0.68, 0.988741, -0.0168084, -0.0097735, -0.0763033, 0.493705, 0.945436
0.67, 0.989484, -0.0207132, -0.0185288, -0.072572, 0.312954, 0.815089
0.66, 0.990197, -0.0233584, -0.0262169, -0.0702055, 0.224529, 0.727699
0.65, 0.99089, -0.0253164, -0.033161, -0.0684915, 0.170892, 0.664087
0.64, 0.991568, -0.0268321, -0.0395459, -0.0671109, 0.134299, 0.614792
0.63, 0.992233, -0.0280344, -0.0454878, -0.0659129, 0.10741, 0.574862
0.62, 0.992887, -0.0290004, -0.0510648, -0.0648196, 0.086615, 0.541454
0.61, 0.99353, -0.0297803, -0.0563327, -0.0637877, 0.0699213, 0.512808
0.6, 0.994162, -0.0304085, -0.0613329, -0.0627917, 0.0561328, 0.487767
0.59, 0.994785, -0.03091, -0.0660974, -0.0618161, 0.0444864, 0.465536
0.58, 0.995399, -0.0313036, -0.0706511, -0.0608511, 0.0344704, 0.445549
0.57, 0.996002, -0.0316037, -0.0750144, -0.0598907, 0.0257283, 0.427385
0.56, 0.996597, -0.0318216, -0.0792038, -0.0589306, 0.0180035, 0.41073
0.55, 0.997181, -0.0319665, -0.0832332, -0.0579684, 0.0111065, 0.395339
0.54, 0.997756, -0.032046, -0.0871142, -0.0570023, 0.00489379, 0.381019
0.53, 0.998321, -0.0320663, -0.0908567, -0.0560313, -0.000745225, 0.367619
0.52, 0.998877, -0.0320327, -0.0944692, -0.0550549, -0.00589726, 0.355012
0.51, 0.999422, -0.0319497, -0.0979592, -0.0540726, -0.0106314, 0.343098
0.5, 0.999958, -0.0318213, -0.101333, -0.0530845, -0.0150032, 0.331791
0.49, 1.00048, -0.0316507, -0.104597, -0.0520904, -0.0190583, 0.32102
0.48, 1.001, -0.0314411, -0.107755, -0.0510905, -0.0228341, 0.310725
0.47, 1.00151, -0.0311949, -0.110813, -0.050085, -0.0263619, 0.300855
0.46, 1.002, -0.0309146, -0.113774, -0.0490741, -0.0296677, 0.291365
0.45, 1.00249, -0.0306022, -0.116641, -0.0480581, -0.0327739, 0.282219
0.44, 1.00296, -0.0302597, -0.119419, -0.0470371, -0.0356993, 0.273382
0.43, 1.00343, -0.0298888, -0.12211, -0.0460115, -0.0384601, 0.264826
0.42, 1.00388, -0.029491, -0.124716, -0.0449816, -0.0410703, 0.256525
0.41, 1.00433, -0.0290678, -0.127241, -0.0439475, -0.0435421, 0.248458
0.4, 1.00476, -0.0286206, -0.129686, -0.0429096, -0.0458861, 0.240603
0.39, 1.00519, -0.0281505, -0.132054, -0.041868, -0.0481115, 0.232944
0.38, 1.0056, -0.0276587, -0.134346, -0.0408231, -0.0502266, 0.225464
0.37, 1.006, -0.0271463, -0.136564, -0.039775, -0.0522385, 0.218149
0.36, 1.00639, -0.0266143, -0.138709, -0.038724, -0.0541537, 0.210987
0.35, 1.00678, -0.0260635, -0.140784, -0.0376702, -0.0559779, 0.203965
0.34, 1.00715, -0.025495, -0.142789, -0.0366138, -0.0577161, 0.197073
0.33, 1.00751, -0.0249095, -0.144726, -0.0355551, -0.059373, 0.190302
0.32, 1.00786, -0.0243078, -0.146595, -0.0344942, -0.0609525, 0.183642
0.31, 1.0082, -0.0236907, -0.148399, -0.0334312, -0.0624586, 0.177087
0.3, 1.00853, -0.0230588, -0.150137, -0.0323663, -0.0638944, 0.170627
0.29, 1.00885, -0.022413, -0.151812, -0.0312997, -0.0652629, 0.164258
0.28, 1.00915, -0.0217538, -0.153423, -0.0302315, -0.0665671, 0.157972
0.27, 1.00945, -0.0210819, -0.154971, -0.0291617, -0.0678092, 0.151764
0.26, 1.00974, -0.0203978, -0.156458, -0.0280906, -0.0689916, 0.145628
0.25, 1.01001, -0.0197022, -0.157884, -0.0270182, -0.0701164, 0.13956
0.24, 1.01028, -0.0189957, -0.15925, -0.0259446, -0.0711853, 0.133555
0.23, 1.01053, -0.0182787, -0.160555, -0.02487, -0.0722003, 0.127608
0.22, 1.01077, -0.0175518, -0.161802, -0.0237944, -0.0731627, 0.121716
0.21, 1.01101, -0.0168156, -0.16299, -0.0227179, -0.0740742, 0.115874
0.2, 1.01123, -0.0160705, -0.16412, -0.0216405, -0.0749359, 0.11008
0.19, 1.01144, -0.0153171, -0.165192, -0.0205624, -0.075749, 0.10433
0.18, 1.01164, -0.0145557, -0.166206, -0.0194836, -0.0765148, 0.098621
0.17, 1.01183, -0.0137869, -0.167164, -0.0184041, -0.0772342, 0.0929496
0.16, 1.01201, -0.0130112, -0.168066, -0.0173241, -0.0779081, 0.0873132
0.15, 1.01218, -0.0122289, -0.168911, -0.0162436, -0.0785373, 0.0817091
0.14, 1.01233, -0.0114406, -0.1697, -0.0151626, -0.0791227, 0.0761348
0.13, 1.01248, -0.0106466, -0.170433, -0.0140812, -0.079665, 0.0705878
0.12, 1.01261, -0.00984741, -0.171112, -0.0129994, -0.0801646, 0.0650659
0.11, 1.01274, -0.00904344, -0.171735, -0.0119172, -0.0806224, 0.0595667
0.1, 1.01285, -0.0082351, -0.172303, -0.0108348, -0.0810387, 0.0540881
0.09, 1.01296, -0.0074228, -0.172817, -0.00975203, -0.081414, 0.048628
0.08, 1.01305, -0.00660696, -0.173276, -0.00866907, -0.0817487, 0.0431844
0.07, 1.01313, -0.00578796, -0.17368, -0.00758591, -0.0820433, 0.0377553
0.06, 1.0132, -0.00496622, -0.174031, -0.00650257, -0.0822979, 0.0323388
0.05, 1.01326, -0.00414214, -0.174327, -0.00541908, -0.0825129, 0.026933
0.04, 1.01331, -0.0033161, -0.17457, -0.00433548, -0.0826886, 0.021536
0.03, 1.01335, -0.0024885, -0.174758, -0.00325177, -0.082825, 0.0161462
0.02, 1.01337, -0.00165973, -0.174892, -0.002168, -0.0829223, 0.0107616
0.01, 1.01339, -0.000830178, -0.174973, -0.00108417, -0.0829807, 0.00538049
6.23078e-14, 1.0134, -2.41355e-07, -0.175, -3.26715e-07, -0.0830002, 1.15735e-06
